Method,Accuracy(%),Sensitivity(%),Specificity(%),AUC,Corr
SVM,88.57142857142857,100.0,66.66666666666666,0.9782608695652174,0.8518907562006697
LR,88.57142857142857,100.0,66.66666666666666,0.9818840579710146,0.8407200161412536
KNN,82.85714285714286,100.0,50.0,0.9855072463768116,0.844740873926234
MLP,85.71428571428571,95.65217391304348,66.66666666666666,0.9492753623188406,0.8143191015329864
SE-MSCNN,100.0,100.0,100.0,1.0,0.9794411734892176
